,categoria,precio,mediana,percentil_25,percentil_50,percentil_75
0,nuevas,268.0389615384616,227.849,143.371,227.849,348.124
1,usadas,112.77028,88.75,65.74924999999999,88.75,110.0
