,categoria,precio,mediana,percentil_25,percentil_50,percentil_75
0,nuevas,277.41243636363635,236.245,173.097,236.245,347.899
1,usadas,111.04626,82.9,52.99975,82.9,115.30000000000001
