,categoria,precio,mediana,percentil_25,percentil_50,percentil_75
0,nuevas,271.44188235294115,234.999,149.999,234.999,336.249
1,usadas,111.04626,82.9,52.99975,82.9,115.30000000000001
