,categoria,precio,mediana,percentil_25,percentil_50,percentil_75
0,nuevas,288.0086600000001,237.9845,176.399,237.9845,363.74925
1,usadas,106.32824,87.9,52.99975,87.9,118.85
