,categoria,precio,mediana,percentil_25,percentil_50,percentil_75
0,nuevas,268.70902083333334,210.447,122.499,210.447,339.6975
1,usadas,114.06705999999998,87.9,65.99924999999999,87.9,133.85999999999999
